Program, Zone, Duration, Finish Time, Date
Manual, S02, 0m6s, 18:53:35, Tue. 29 Apr 2014
Manual, S04, 0m3s, 18:52:49, Tue. 29 Apr 2014
Manual, S02, 0m7s, 18:52:24, Tue. 29 Apr 2014
Manual, S02, 0m3s, 18:52:16, Tue. 29 Apr 2014
Manual, S02, 0m3s, 18:52:11, Tue. 29 Apr 2014
Manual, S02, 0m6s, 18:52:06, Tue. 29 Apr 2014
Manual, S01, 0m4s, 18:51:59, Tue. 29 Apr 2014
Manual, S01, 0m3s, 18:51:53, Tue. 29 Apr 2014
Manual, S01, 0m3s, 18:51:49, Tue. 29 Apr 2014
Manual, S01, 0m6s, 18:51:44, Tue. 29 Apr 2014
Manual, S01, 0m3s, 18:51:36, Tue. 29 Apr 2014
Manual, S01, 0m4s, 18:50:26, Tue. 29 Apr 2014
Manual, S01, 0m4s, 18:50:20, Tue. 29 Apr 2014
Manual, S01, 0m3s, 18:50:14, Tue. 29 Apr 2014
Manual, S01, 0m4s, 18:50:10, Tue. 29 Apr 2014
Manual, S01, 0m3s, 18:50:03, Tue. 29 Apr 2014
Manual, S01, 0m6s, 18:49:59, Tue. 29 Apr 2014
Manual, S08, 0m3s, 18:43:02, Tue. 29 Apr 2014
Manual, S07, 0m3s, 18:42:57, Tue. 29 Apr 2014
Manual, S06, 0m5s, 18:42:52, Tue. 29 Apr 2014
Manual, S05, 0m7s, 18:42:46, Tue. 29 Apr 2014
Manual, S05, 0m4s, 18:42:36, Tue. 29 Apr 2014
Manual, S04, 0m4s, 18:42:30, Tue. 29 Apr 2014
Manual, S03, 0m4s, 18:42:24, Tue. 29 Apr 2014
Manual, S02, 0m3s, 18:42:18, Tue. 29 Apr 2014
Manual, S01, 0m4s, 18:42:13, Tue. 29 Apr 2014
Manual, S08, 0m4s, 18:42:07, Tue. 29 Apr 2014
Manual, S07, 0m4s, 18:42:01, Tue. 29 Apr 2014
Manual, S07, 0m6s, 18:41:48, Tue. 29 Apr 2014
Manual, S06, 0m4s, 18:41:41, Tue. 29 Apr 2014
Manual, S05, 0m4s, 18:41:36, Tue. 29 Apr 2014
Manual, S04, 0m3s, 18:41:30, Tue. 29 Apr 2014
Manual, S02, 0m4s, 18:41:26, Tue. 29 Apr 2014
1, S05, 1m0s, 16:03:00, Tue. 29 Apr 2014
1, S03, 1m0s, 16:02:00, Tue. 29 Apr 2014
1, S01, 1m0s, 16:01:00, Tue. 29 Apr 2014
1, S05, 1m0s, 12:03:00, Tue. 29 Apr 2014
1, S03, 1m0s, 12:02:00, Tue. 29 Apr 2014
1, S01, 1m0s, 12:01:00, Tue. 29 Apr 2014
